{
  "parent": "obe:story/end_portal",
  "display": {
    "icon": {"item": "minecraft:end_stone"},
    "title": {"translate": "advancements.story.enter_the_end.title"},
    "description": {"translate": "advancements.story.enter_the_end.description"},
    "frame": "goal",
    "show_toast": true,
    "announce_to_chat": true,
    "hidden": false
  },
  "criteria": {
    "entered_end": {
      "trigger": "minecraft:changed_dimension",
      "conditions": {"to": "minecraft:the_end"}
    }
  },
  "requirements": [["entered_end"]]
}