{
  "parent": "minecraft:nether/obtain_blaze_rod",
  "display": {
    "icon": {"item": "minecraft:ender_eye"},
    "title": {"translate": "advancements.story.follow_ender_eye.title"},
    "description": {"text": "Craft ender eye."},
    "frame": "task",
    "show_toast": true,
    "announce_to_chat": true,
    "hidden": false
  },
  "criteria": {
    "has_ender_eye": {
      "trigger": "minecraft:inventory_changed",
      "conditions": {"items": [{"items": ["minecraft:ender_eye"]}]}
    }
  },
  "requirements": [["has_ender_eye"]]
}