{
  "display": {
    "icon": {"item": "minecraft:lava_bucket"},
    "title": {"translate": "advancements.story.lava_bucket.title"},
    "description": {"text": "Craft a lava bucket."},
    "frame": "task",
    "show_toast": false,
    "announce_to_chat": false,
    "hidden": false
    },
  "parent": "obe:story/magma_block",
  "criteria": {
    "has_lava_bucket": {
      "trigger": "minecraft:inventory_changed",
      "conditions": {"items": [{"items": ["minecraft:lava_bucket"]}]}
    }
  },
  "requirements": [["has_lava_bucket"]]
}