{
  "parent": "obe:story/gravel",
  "display": {
    "icon": {"item": "minecraft:cobblestone"},
    "title": {"translate": "advancements.story.mine_stone.title"},
    "description": {"text": "Craft cobblestone."},
    "frame": "task",
    "show_toast": true,
    "announce_to_chat": true,
    "hidden": false
  },
  "criteria": {
    "get_stone": {
      "trigger": "minecraft:inventory_changed",
      "conditions": {"items": [{"tag": "minecraft:stone_tool_materials"}]}
    }
  },
  "requirements": [["get_stone"]]
}