{
  "type": "minecraft:fishing",
  "pools": [
    {
      "rolls": 1,
      "bonus_rolls": 0,
      "entries": [
        {"type": "minecraft:item","name": "minecraft:name_tag"},
        {"type": "minecraft:item","name": "minecraft:saddle"},
        {"type": "minecraft:item","name": "minecraft:wet_sponge"},
        {"type": "minecraft:item","name": "minecraft:nautilus_shell"},
        {"type": "minecraft:item","name": "minecraft:bow","functions": [
            {"function": "minecraft:set_damage","damage": {"type": "minecraft:uniform","min": 0,"max": 0.25},"add": false},
            {"function": "minecraft:enchant_with_levels","levels": 30,"treasure": true}]},
        {"type": "minecraft:item","name": "minecraft:fishing_rod","functions": [
            {"function": "minecraft:set_damage","damage": {"type": "minecraft:uniform","min": 0,"max": 0.25},"add": false},
            {"function": "minecraft:enchant_with_levels","levels": 30,"treasure": true}]},
        {"type": "minecraft:item","name": "minecraft:book","functions": [
            {"function": "minecraft:enchant_with_levels","levels": 30,"treasure": true}]}
      ]
    }
  ]
}
