{
  "type": "minecraft:entity",
  "pools": [
    {"rolls": 1.0,"bonus_rolls": 0.0,"entries": [
        {"type": "minecraft:item","name": "minecraft:prismarine_shard","functions": [
            {"function": "minecraft:set_count","count": {"type": "minecraft:uniform","min": 0.0,"max": 2.0},"add": false},
            {"function": "minecraft:looting_enchant","count": {"type": "minecraft:uniform","min": 0.0,"max": 1.0}}
    ]}]},
    {"rolls": 1.0,"bonus_rolls": 0.0,"entries": [
        {"type": "minecraft:item","name": "minecraft:cod","weight": 3,"functions": [
            {"function": "minecraft:looting_enchant","count": {"type": "minecraft:uniform","min": 0.0,"max": 1.0}},
            {"function": "minecraft:furnace_smelt","conditions": [{"condition": "minecraft:entity_properties","predicate": {"flags": {"is_on_fire": true}},"entity": "this"}]}]
        },
        {"type": "minecraft:item","name": "minecraft:prismarine_crystals","weight": 2,"functions": [
            {"function": "minecraft:looting_enchant","count": {"type": "minecraft:uniform","min": 0.0,"max": 1.0}}
        ]},
        {"type": "minecraft:empty"}
      ]},
    {"rolls": 1.0,"bonus_rolls": 0.0,
      "entries": [{"type": "minecraft:item","name": "minecraft:wet_sponge"}],
      "conditions": [{"condition": "minecraft:killed_by_player"}]
    },
    {"rolls": 1.0,"bonus_rolls": 0.0,
      "entries": [{"type": "minecraft:item","name": "minecraft:heart_of_the_sea"}],
      "conditions": [{"condition": "minecraft:killed_by_player"}]
    },
    {"rolls": 1.0,"bonus_rolls": 0.0,
      "entries": [{"type": "minecraft:loot_table","name": "minecraft:gameplay/fishing/fish","functions": [
            {"function": "minecraft:furnace_smelt","conditions": [
                {"condition": "minecraft:entity_properties","predicate": {"flags": {"is_on_fire": true}},"entity": "this"}
              ]}]}],
      "conditions": [
        {"condition": "minecraft:killed_by_player"},
        {"condition": "minecraft:random_chance_with_looting","chance": 0.025,"looting_multiplier": 0.01}
    ]}
]}