{
  "type": "minecraft:entity",
  "pools": [
    {"rolls": 1.0,"bonus_rolls": 0.0,
      "entries": [{"type": "minecraft:item","name": "minecraft:ender_pearl","functions": [
            {"function": "minecraft:set_count","count": {"type": "minecraft:uniform","min": 0.0,"max": 1.0},"add": false},
            {"function": "minecraft:looting_enchant","count": {"type": "minecraft:uniform","min": 0.0,"max": 1.0}}]}]},
    {"rolls": 1.0,"bonus_rolls": 0.0,
      "entries": [{"type": "minecraft:item","name": "minecraft:end_stone","functions": [
            {"function": "minecraft:set_count","count": {"type": "minecraft:uniform","min": 0.0,"max": 1.0},"add": false},
            {"function": "minecraft:looting_enchant","count": {"type": "minecraft:uniform","min": 0.0,"max": 1.0}}]}]}
  ]
}