{
  "type": "minecraft:entity",
  "pools": [
    {"rolls": 1,"bonus_rolls": 0,"entries": [
        {"type": "minecraft:item","name": "minecraft:glowstone_dust","functions": [
            {"function": "minecraft:set_count","count": {"type": "minecraft:uniform","min": 0,"max": 1},"add": false},
            {"function": "minecraft:looting_enchant","count": {"type": "minecraft:uniform","min": 0,"max": 1}}]}]
    },
    {"rolls": 1,"bonus_rolls": 0,"entries": [
        {"type": "minecraft:item","name": "minecraft:netherrack","weight":2,"functions": [
            {"function": "minecraft:set_count","count": {"type": "minecraft:uniform","min": 1,"max": 2},"add": false},
            {"function": "minecraft:looting_enchant","count": {"type": "minecraft:uniform","min": 0,"max": 2}}]},
        {"type": "minecraft:item","name": "minecraft:soul_sand","weight":1,"functions": [
            {"function": "minecraft:looting_enchant","count": {"type": "minecraft:uniform","min": 0,"max": 1}}]}]
    }
  ]
}
