{
  "type": "minecraft:entity",
  "pools": [
    {"rolls": 1,"bonus_rolls": 0,
     "entries": [{"type": "minecraft:item","name": "minecraft:arrow","functions": [
            {"function": "minecraft:set_count","count": {"type": "minecraft:uniform","min": 0,"max": 2},"add": false},
            {"function": "minecraft:looting_enchant","count": {"type": "minecraft:uniform","min": 0,"max": 1}}]}]},
    {"rolls": 1,"bonus_rolls": 0,
      "entries": [{"type": "minecraft:item","name": "minecraft:bone","functions": [
            {"function": "minecraft:set_count","count": {"type": "minecraft:uniform","min": 0,"max": 2},"add": false},
            {"function": "minecraft:looting_enchant","count": {"type": "minecraft:uniform","min": 0,"max": 1}}]}]},
    {"rolls": 1,"bonus_rolls": 0,
      "entries": [{"type": "minecraft:item","name": "minecraft:snowball","functions": [
            {"function": "minecraft:set_count","count": {"type": "minecraft:uniform","min": 0,"max": 3},"add": false},
            {"function": "minecraft:looting_enchant","count": {"type": "minecraft:uniform","min": 0,"max": 1}}]}]},
    {"rolls": 1,"bonus_rolls": 0,
      "entries": [{"type": "minecraft:item","name": "minecraft:tipped_arrow","functions": [
            {"function": "minecraft:set_count","count": {"type": "minecraft:uniform","min": 0,"max": 1},"add": false},
            {"function": "minecraft:looting_enchant","count": {"type": "minecraft:uniform","min": 0,"max": 1},"limit": 1},
            {"function": "minecraft:set_potion","id": "minecraft:slowness"}]}],
      "conditions": [{"condition": "minecraft:killed_by_player"}]}
  ]
}
