{
  "type": "minecraft:block",
  "pools": [{"rolls": 1.0,"bonus_rolls": 0.0,"entries": [
    {"type": "minecraft:alternatives","children": [
      {"type": "minecraft:item","name": "minecraft:oxidized_copper","conditions": [
        {"condition": "minecraft:match_tool","predicate": {
          "enchantments": [{"enchantment": "minecraft:silk_touch","levels": {"min": 1}}]
          }}]},
      {"type": "minecraft:item","name": "minecraft:raw_copper",
       "functions":[{"function": "minecraft:set_count","count": 9,"add": false}],
       "conditions": [{"condition": "minecraft:survives_explosion"}]}
]}]}]
}