{
  "type": "minecraft:block",
  "pools": [
    {"rolls": 1,"bonus_rolls": 0,
      "entries": [{"type": "minecraft:alternatives","children": [
        {"type": "minecraft:item","name": "minecraft:quartz_pillar","conditions": [{"condition": "minecraft:match_tool","predicate": 
          {"enchantments": [{"enchantment": "minecraft:silk_touch","levels": {"min": 1}}]}}]},
        {"type": "minecraft:item","name": "minecraft:quartz","functions": [
          {"function": "minecraft:set_count","count": 4,"add": false},
          {"function": "minecraft:explosion_decay"}]}
        ]}]}]
}
