{
  "display": {
    "icon": {"item": "minecraft:golden_apple"},
    "title": {"text": "Nether outcome","color": "white"},
    "description": {"text": "Craft a golden apple."},
    "frame": "task",
    "show_toast": true,
    "announce_to_chat": true,
    "hidden": false
    },
  "parent": "obe:nether/gold_ingot",
  "criteria": {
    "has_golden_apple": {
      "trigger": "minecraft:inventory_changed",
      "conditions": {"items": [{"items": ["minecraft:golden_apple"]}]}
    }
  },
  "requirements": [["has_golden_apple"]]
}