{
  "display": {
    "icon": {"item": "minecraft:soul_soil"},
    "title": {"text": "Catharsis","color": "white"},
    "description": {"text": "Release the soul in cremation."},
    "frame": "task",
    "show_toast": true,
    "announce_to_chat": true,
    "hidden": false
    },
  "parent": "obe:nether/soul_sand",
  "criteria": {
    "has_soul_soil": {
      "trigger": "minecraft:inventory_changed",
      "conditions": {"items": [{"items": ["minecraft:soul_soil"]}]}
    }
  },
  "requirements": [["has_soul_soil"]]
}