{
  "display": {
    "icon": {"item": "minecraft:warped_nylium"},
    "title": {"text": "Nether mixing","color": "white"},
    "description": {"text": "Craft warped_nylium"},
    "frame": "task",
    "show_toast": true,
    "announce_to_chat": true,
    "hidden": false
    },
  "parent": "obe:nether/warped_wart_block",
  "criteria": {
    "has_warped_nylium": {
      "trigger": "minecraft:inventory_changed",
      "conditions": {"items": [{"items": ["minecraft:warped_nylium"]}]}
    }
  },
  "requirements": [["has_warped_nylium"]]
}