{
  "display": {
    "icon": {"item": "minecraft:sculk_shrieker"},
    "title": {"text": "Escape Game","color": "white"},
    "description": {"text": "Activative sculk shrieker, and summon a warden."},
    "frame": "challenge",
    "show_toast": true,
    "announce_to_chat": true,
    "hidden": false
    },
  "parent": "minecraft:adventure/kill_mob_near_sculk_catalyst",
  "criteria": {
    "impossible": {
      "trigger": "minecraft:impossible",
      "conditions": {}
     }
  },
  "requirements": [["impossible"]]
}
