{
  "display": {
    "icon": {"item": "minecraft:birch_sapling"},
    "title": {"text": "Plant Collector","color": "white"},
    "description": {"text": "Collect all the saplings"},
    "frame": "goal",
    "show_toast": true,
    "announce_to_chat": true,
    "hidden": false
    },
  "parent": "obe:story/wandering_trader",
  "criteria": {
    "has_oak_sapling": {
      "trigger": "minecraft:inventory_changed","conditions": {
        "items": [{"items": ["minecraft:oak_sapling"]}]}},
    "has_spruce_sapling": {
      "trigger": "minecraft:inventory_changed","conditions": {
        "items": [{"items": ["minecraft:spruce_sapling"]}]}},
    "has_birch_sapling": {
      "trigger": "minecraft:inventory_changed","conditions": {
        "items": [{"items": ["minecraft:birch_sapling"]}]}},
    "has_jungle_sapling": {
      "trigger": "minecraft:inventory_changed","conditions": {
        "items": [{"items": ["minecraft:jungle_sapling"]}]}},
    "has_acacia_sapling": {
      "trigger": "minecraft:inventory_changed","conditions": {
        "items": [{"items": ["minecraft:acacia_sapling"]}]}},
    "has_dark_oak_sapling": {
      "trigger": "minecraft:inventory_changed","conditions": {
        "items": [{"items": ["minecraft:dark_oak_sapling"]}]}},
    "has_mangrove_propagule": {
      "trigger": "minecraft:inventory_changed","conditions": {
        "items": [{"items": ["minecraft:mangrove_propagule"]}]}}
  },
  "requirements": [["has_oak_sapling"],["has_spruce_sapling"],["has_birch_sapling"],["has_jungle_sapling"],["has_acacia_sapling"],["has_dark_oak_sapling"],["has_mangrove_propagule"]]
}