{
  "display": {
    "icon": {"item": "minecraft:hay_block"},
    "title": {"text": "Racecourse","color": "white"},
    "description": {"text": "Breed all type of horses."},
    "frame": "goal",
    "show_toast": true,
    "announce_to_chat": true,
    "hidden": false
  },
  "parent": "obe:story/chest",
  "criteria": {
    "minecraft:horse": {
      "trigger": "minecraft:bred_animals",
      "conditions": {"child": [{"condition": "minecraft:entity_properties","predicate": {"type": "minecraft:horse"},"entity": "this"}]}
    },
    "minecraft:donkey": {
      "trigger": "minecraft:bred_animals",
      "conditions": {"child": [{"condition": "minecraft:entity_properties","predicate": {"type": "minecraft:donkey"},"entity": "this"}]}
    },
    "minecraft:mule": {
      "trigger": "minecraft:bred_animals",
      "conditions": {"child": [{"condition": "minecraft:entity_properties","predicate": {"type": "minecraft:mule"},"entity": "this"}]}
    },
    "minecraft:llama": {
      "trigger": "minecraft:bred_animals",
      "conditions": {"child": [{"condition": "minecraft:entity_properties","predicate": {"type": "minecraft:llama"},"entity": "this"}]}
    }
},
  "requirements": [["minecraft:horse"],["minecraft:donkey"],["minecraft:mule"],["minecraft:llama"]]
}