{
  "display": {
    "icon": {"item": "minecraft:blast_furnace"},
    "title": {"text": "Try hotter?","color": "white"},
    "description": {"text": "Craft a blast furnace"},
    "frame": "task",
    "show_toast": true,
    "announce_to_chat": true,
    "hidden": false
    },
  "parent": "minecraft:story/smelt_iron",
  "criteria": {
    "has_blast_furnace": {
      "trigger": "minecraft:inventory_changed",
      "conditions": {"items": [{"items": ["minecraft:blast_furnace"]}]}
    }
  },
  "requirements": [["has_blast_furnace"]]
}