{
  "display": {
    "icon": {"item": "minecraft:chainmail_chestplate"},
    "title": {"text": "Flexable Armor","color": "white"},
    "description": {"text": "Craft any chainmail armor."},
    "frame": "task",
    "show_toast": true,
    "announce_to_chat": true,
    "hidden": false
    },
  "parent": "obe:story/chain",
  "criteria": {
    "has_chainmail_boots": {
      "trigger": "minecraft:inventory_changed",
      "conditions": {"items": [{"items": ["minecraft:chainmail_boots"]}]}
    },
    "has_chainmail_chestplate": {
      "trigger": "minecraft:inventory_changed",
      "conditions": {"items": [{"items": ["minecraft:chainmail_chestplate"]}]}
    },
    "has_chainmail_helmet": {
      "trigger": "minecraft:inventory_changed",
      "conditions": {"items": [{"items": ["minecraft:chainmail_helmet"]}]}
    },
    "has_chainmail_leggings": {
      "trigger": "minecraft:inventory_changed",
      "conditions": {"items": [{"items": ["minecraft:chainmail_leggings"]}]}
    }
  },
  "requirements": [["has_chainmail_boots","has_chainmail_chestplate","has_chainmail_helmet","has_chainmail_leggings"]]
}