{
  "display": {
    "icon": {"item": "minecraft:end_stone"},
    "title": {"text": "Enderman's gift","color": "white"},
    "description": {"text": "It's look weird."},
    "frame": "task",
    "show_toast": true,
    "announce_to_chat": true,
    "hidden": false
    },
  "parent": "minecraft:adventure/kill_a_mob",
  "criteria": {
    "has_end_stone": {
      "trigger": "minecraft:inventory_changed",
      "conditions": {"items": [{"items": ["minecraft:end_stone"]}]}
    }
  },
  "requirements": [["has_end_stone"]]
}