{
  "display": {
    "icon": {"item": "minecraft:gunpowder"},
    "title": {"text": "Trap Maker","color": "white"},
    "description": {"text": "Get gunpowder or bone."},
    "frame": "task",
    "show_toast": true,
    "announce_to_chat": true,
    "hidden": false
    },
  "parent": "minecraft:adventure/kill_a_mob",
  "criteria": {
    "has_gunpowder": {
      "trigger": "minecraft:inventory_changed",
      "conditions": {
          "items": [{"items": ["minecraft:gunpowder"]}]
      }
   },
    "has_bone": {
      "trigger": "minecraft:inventory_changed",
      "conditions": {
          "items": [{"items": ["minecraft:bone"]}]
      }
    }
  },
  "requirements": [["has_gunpowder","has_bone"]]
}