{
  "display": {
    "icon": {"item": "minecraft:campfire"},
    "title": "Light up!",
    "description": "set any light.",
    "frame": "task",
    "show_toast": true,
    "announce_to_chat": true,
    "hidden": false
  },
  "parent": "obe:story/oak_log",
  "criteria": {
    "has_torch": {
      "trigger": "minecraft:placed_block",
      "conditions": {"block": "minecraft:torch"}
    },
    "has_wall_torch": {
      "trigger": "minecraft:placed_block",
      "conditions": {"block": "minecraft:wall_torch"}
    },
    "has_lantern": {
      "trigger": "minecraft:placed_block",
      "conditions": {"block": "minecraft:lantern"}
    },
    "has_campfire": {
      "trigger": "minecraft:placed_block",
      "conditions": {"block": "minecraft:campfire"}
    }
  },
  "requirements": [["has_torch","has_wall_torch","has_lantern","has_campfire"]]
}
