{
  "display": {
    "icon": {"item": "minecraft:grass_block"},
    "title": {"text": "Oneblock extreme","color": "white"},
    "description": {"text": "Get your First Block"},
    "background": "minecraft:textures/gui/advancements/backgrounds/stone.png",
    "frame": "task",
    "show_toast": true,
    "announce_to_chat": true,
    "hidden": false
    },
  "criteria": {
    "has_dirt": {
      "trigger": "minecraft:story/inventory_changed",
      "conditions": {
          "items": [{"items": ["minecraft:dirt"]}]
      }
    }
  },
  "requirements": [["has_dirt"]]
}