{
  "display": {
    "icon": {"item": "minecraft:slime_block"},
    "title": {"text": "Under city","color": "white"},
    "description": {"text": "How deep is your platform made?"},
    "frame": "task",
    "show_toast": true,
    "announce_to_chat": true,
    "hidden": false
    },
  "parent": "obe:story/oak_trapdoor",
  "criteria": {
    "has_slime_ball": {
      "trigger": "minecraft:inventory_changed",
      "conditions": {
          "items": [{"items": ["minecraft:slime_ball"]}]
      }
    }
  },
  "requirements": [["has_slime_ball"]]
}