{
  "display": {
        "icon": {"item": "minecraft:black_concrete"},
        "title": {"text": "Void explorer","color": "white"},
        "description": {"text": "Fall into the void."},
        "frame": "task",
        "show_toast": true,
        "announce_to_chat": true,
        "hidden": true
    },
  "parent": "minecraft:story/root",
 "criteria": {
    "void": {
      "conditions": {"player": [{
        "condition": "minecraft:entity_properties",
        "entity": "this",
        "predicate": {"location": {"position": {"y": {"max": -63.0}}}}
      }]},
      "trigger": "minecraft:location"
    }
  },
  "requirements": [["void"]]
}
