{
  "display": {
    "icon": {"item": "minecraft:water_bucket"},
    "title": {"text": "Thristy?","color": "white"},
    "description": {"text": "The ices is melting!"},
    "frame": "goal",
    "show_toast": true,
    "announce_to_chat": true,
    "hidden": false
    },
  "parent": "obe:story/ice",
  "criteria": {
    "has_water_bucket": {
      "trigger": "minecraft:inventory_changed",
      "conditions": {"items": [{"items": ["minecraft:water_bucket"]}]}
    }
  },
  "requirements": [["has_water_bucket"]]
}