{
  "type": "minecraft:fishing",
  "pools": [{"rolls": 1,"bonus_rolls": 0,
    "entries": [
        {"type": "minecraft:loot_table","weight": 25,"quality": 1,"name": "minecraft:gameplay/fishing/junk"},
        {"type": "minecraft:loot_table","weight": 5,"quality": 3,"name": "minecraft:gameplay/fishing/treasure",
          "conditions": [{"condition": "minecraft:entity_properties","entity": "this","predicate": {"fishing_hook": {"in_open_water": true}}}]},
        {"type": "minecraft:loot_table","weight": 70,"quality": -4,"name": "minecraft:gameplay/fishing/fish"}
      ]
    }
  ]
}
