{
  "parent": "minecraft:recipes/root",
  "criteria": {
    "has_iron_ingot": {
      "trigger": "minecraft:inventory_changed",
      "conditions": {"items": [{"items": ["minecraft:iron_ingot"]}]}
    },
    "has_tripwire_hook": {
      "trigger": "minecraft:inventory_changed",
      "conditions": {"items": [{"items": ["minecraft:tripwire_hook"]}]}
    },
    "has_the_recipe": {
      "trigger": "minecraft:recipe_unlocked",
      "conditions": {"recipe": "minecraft:crossbow"}}
  },
  "requirements": [["has_iron_ingot","has_tripwire_hook","has_the_recipe"]],
  "rewards": {"recipes": ["minecraft:crossbow"]}
}
