{
  "parent": "obe:recipes/root",
  "criteria": {
    "has_nether_wart": {
      "trigger": "minecraft:inventory_changed",
      "conditions": {"items": [{"items": ["minecraft:nether_wart"]}]}
    },
    "has_netherrack": {
      "trigger": "minecraft:inventory_changed",
      "conditions": {"items": [{"items": ["minecraft:netherrack"]}]}}
  },
    "has_the_recipe": {
      "trigger": "minecraft:recipe_unlocked",
      "conditions": {"recipe": "obe:crimson_nylium"}
    }
  },
  "requirements": [["has_nether_wart","has_netherrack","has_the_recipe"]],
  "rewards": {"recipes": ["obe:crimson_nylium"]}
}
