{
  "parent": "obe:recipes/root",
  "criteria": {
    "has_gold_nugget": {
      "trigger": "minecraft:inventory_changed",
      "conditions": {"items": [{"items": ["minecraft:gold_nugget"]}]}
    },
    "has_blackstone": {
      "trigger": "minecraft:inventory_changed",
      "conditions": {"items": [{"items": ["minecraft:blackstone"]}]}
    },
    "has_the_recipe": {
      "trigger": "minecraft:recipe_unlocked",
      "conditions": {"recipe": "obe:gilded_blackstone"}
    }
  },
  "requirements": [["has_gold_nugget","has_blackstone","has_the_recipe"]],
  "rewards": {"recipes": ["obe:gilded_blackstone"]}
}
