{
  "parent": "obe:recipes/root",
  "criteria": {
    "has_red_mushroom": {
      "trigger": "minecraft:inventory_changed",
      "conditions": {"items": [{"items": ["minecraft:red_mushroom"]}]}
    },
    "has_brown_mushroom": {
      "trigger": "minecraft:inventory_changed",
      "conditions": {"items": [{"items": ["minecraft:brown_mushroom"]}]}
    },
    "has_the_recipe": {
      "trigger": "minecraft:recipe_unlocked",
      "conditions": {"recipe": "obe:mycelium"}
    }
  },
  "requirements": [["has_red_mushroom","has_brown_mushroom","has_the_recipe"]],
  "rewards": {"recipes": ["obe:mycelium"]}
}
