{
  "parent": "obe:recipes/root",
  "criteria": {
    "has_sand": {
      "trigger": "minecraft:inventory_changed",
      "conditions": {"items": [{"items": ["minecraft:sand"]}]}
    },
    "has_the_recipe1": {
      "trigger": "minecraft:recipe_unlocked",
      "conditions": {"recipe": "obe:red_sand1"}
    },
    "has_the_recipe2": {
      "trigger": "minecraft:recipe_unlocked",
      "conditions": {"recipe": "obe:red_sand2"}
    }
  },
  "requirements": [["has_sand","has_the_recipe1","has_the_recipe2"]],
  "rewards": {"recipes": ["obe:red_sand1","obe:red_sand2"]}
}
