{
  "parent": "obe:nether/wither_rose",
  "display": {
    "icon": {"item": "minecraft:wither_skeleton_skull"},
    "title": {"translate": "advancements.nether.get_wither_skull.title"},
    "description": {"translate": "advancements.nether.get_wither_skull.description"},
    "frame": "task",
    "show_toast": true,
    "announce_to_chat": true,
    "hidden": false
  },
  "criteria": {
    "wither_skull": {
      "trigger": "minecraft:inventory_changed",
      "conditions": {"items": [{"items": ["minecraft:wither_skeleton_skull"]}]}
    }
  },
  "requirements": [["wither_skull"]]
}