{
  "parent": "minecraft:husbandry/safely_harvest_honey",
  "display": {
    "icon": {"item": "minecraft:honey_block"},
    "title": {"translate": "advancements.adventure.honey_block_slide.title"},
    "description": {"translate": "advancements.adventure.honey_block_slide.description"},
    "frame": "task",
    "show_toast": true,
    "announce_to_chat": true,
    "hidden": false
  },
  "criteria": {
    "honey_block_slide": {"trigger": "minecraft:slide_down_block",
      "conditions": {
        "block": "minecraft:honey_block"}}
  },
  "requirements": [["honey_block_slide"]]
}