{
  "parent": "obe:nether/amethyst_shard",
  "display": {
    "icon": {"item": "minecraft:spyglass"},
    "title": {"translate": "advancements.adventure.spyglass_at_ghast.title"},
    "description": {"translate": "advancements.adventure.spyglass_at_ghast.description"},
    "frame": "task",
    "show_toast": true,
    "announce_to_chat": true,
    "hidden": false
  },
  "criteria": {
    "spyglass_at_ghast": {
      "trigger": "minecraft:using_item",
      "conditions": {
        "player": [{
            "condition": "minecraft:entity_properties",
            "predicate": {"player": {"looking_at": {"type": "minecraft:ghast"}}},
            "entity": "this"}],
        "item": {"items": ["minecraft:spyglass"]}}
    }
  },
  "requirements": [["spyglass_at_ghast"]]
}