{
  "parent": "minecraft:end/root",
  "display": {"icon": {"item": "minecraft:spyglass"},
    "title": {"translate": "advancements.adventure.spyglass_at_dragon.title"},
    "description": {"translate": "advancements.adventure.spyglass_at_dragon.description"},
    "frame": "task",
    "show_toast": true,
    "announce_to_chat": true,
    "hidden": false
  },
  "criteria": {
    "spyglass_at_dragon": {
      "trigger": "minecraft:using_item",
      "conditions": {"player": [{
            "condition": "minecraft:entity_properties",
            "predicate": {"player": {"looking_at": {"type": "minecraft:ender_dragon"}}},
            "entity": "this"}],
        "item": {"items": ["minecraft:spyglass"]}}}
  },
  "requirements": [["spyglass_at_dragon"]]
}