{
  "parent": "minecraft:adventure/voluntary_exile",
  "display": {
    "icon": {"item": "minecraft:totem_of_undying"},
    "title": {"translate": "advancements.adventure.totem_of_undying.title"},
    "description": {"translate": "advancements.adventure.totem_of_undying.description"},
    "frame": "goal",
    "show_toast": true,
    "announce_to_chat": true,
    "hidden": false
  },
  "criteria": {
    "used_totem": {
      "trigger": "minecraft:used_totem",
      "conditions": {"item": {"items": ["minecraft:totem_of_undying"]}}}
    },
  "requirements": [["used_totem"]]
}