{
  "parent": "obe:story/powder_snow_bucket",
  "display": {
    "icon": {"item": "minecraft:leather_boots","nbt": "{Damage:0}"},
    "title": {"translate": "advancements.adventure.walk_on_powder_snow_with_leather_boots.title"},
    "description": {"translate": "advancements.adventure.walk_on_powder_snow_with_leather_boots.description"},
    "frame": "task",
    "show_toast": true,
    "announce_to_chat": true,
    "hidden": false
  },
  "criteria": {
    "walk_on_powder_snow_with_leather_boots": {
      "trigger": "minecraft:location",
      "conditions": {
        "player": [{
          "condition": "minecraft:entity_properties",
          "predicate": {
            "stepping_on": {"block": {"blocks": ["minecraft:powder_snow"]}},
            "equipment": {"feet": {"items": ["minecraft:leather_boots"]}}
            },
          "entity": "this"}]}
    }
  },
  "requirements": [["walk_on_powder_snow_with_leather_boots"]]
}