{
  "display": {
    "icon": {"item": "minecraft:bamboo"},
    "title": {"text": "Fishing in jungle","color": "white"},
    "description": {"text": "Get a bamboo by fishing."},
    "frame": "task",
    "show_toast": true,
    "announce_to_chat": true,
    "hidden": false
  },
  "parent": "minecraft:husbandry/fishy_business",
  "criteria": {
    "bamboo": {
      "trigger": "minecraft:fishing_rod_hooked",
      "conditions": {"item": {"items": ["minecraft:bamboo"]}}
    }
  },
  "requirements": [["bamboo"]]
}
