{
  "display": {
    "icon": {"item": "minecraft:mossy_stone_bricks"},
    "title": {"text": "Infested?","color": "white"},
    "description": {"text": "Why it's so heavy?"},
    "frame": "task",
    "show_toast": true,
    "announce_to_chat": true,
    "hidden": false
  },
  "parent": "minecraft:husbandry/fishy_business",
  "criteria": {
    "infested_mossy_stone_bricks": {
      "trigger": "minecraft:fishing_rod_hooked",
      "conditions": {"item": {"items": ["minecraft:infested_mossy_stone_bricks"]}}
    }
  },
  "requirements": [["infested_mossy_stone_bricks"]]
}
