{
  "display": {
    "icon": {"item": "minecraft:quartz"},
    "title": {"text": "Destroyer","color": "white"},
    "description": {"text": " Break the master mason's goods."},
    "frame": "task",
    "show_toast": true,
    "announce_to_chat": true,
    "hidden": false
    },
  "parent": "obe:husbandry/stonecutter",
  "criteria": {
    "has_quartz": {
      "trigger": "minecraft:inventory_changed",
      "conditions": {
          "items": [{"items": ["minecraft:quartz"]}]
      }
    }
  },
  "requirements": [["has_quartz"]]
}