{
  "display": {
    "icon": {"item": "minecraft:stonecutter"},
    "title": {"text": "Artist","color": "white"},
    "description": {"text": "Craft a stonecutter for mason villager."},
    "frame": "task",
    "show_toast": true,
    "announce_to_chat": true,
    "hidden": false
    },
  "parent": "minecraft:adventure/trade",
  "criteria": {
    "has_stonecutter": {
      "trigger": "minecraft:inventory_changed",
      "conditions": {
          "items": [{"items": ["minecraft:stonecutter"]}]
      }
    }
  },
  "requirements": [["has_stonecutter"]]
}