{
  "display": {
    "icon": {"item": "minecraft:turtle_egg"},
    "title": {"text": "Skill fishing","color": "white"},
    "description": {"text": "Get a turtle egg by fishing."},
    "frame": "task",
    "show_toast": true,
    "announce_to_chat": true,
    "hidden": false
  },
  "parent": "minecraft:husbandry/fishy_business",
  "criteria": {
    "turtle_egg": {
      "trigger": "minecraft:fishing_rod_hooked",
      "conditions": {"item": {"items": ["minecraft:turtle_egg"]}}
    }
  },
  "requirements": [["turtle_egg"]]
}
