{
  "display": {
    "icon": {"item": "minecraft:sponge"},
    "title": {"text": "Too much water?","color": "white"},
    "description": {"text": "Get a sponge by fishing."},
    "frame": "task",
    "show_toast": true,
    "announce_to_chat": true,
    "hidden": false
  },
  "parent": "minecraft:husbandry/fishy_business",
  "criteria": {
    "wet_sponge": {
      "trigger": "minecraft:fishing_rod_hooked",
      "conditions": {"item": {"items": ["minecraft:wet_sponge"]}}
    }
  },
  "requirements": [["wet_sponge"]]
}
