{
  "parent":"obe:husbandry/farmable",
  "display":{
    "icon":{"item":"minecraft:apple"},
    "title":{"translate":"advancements.husbandry.balanced_diet.title"},
    "description":{"translate":"advancements.husbandry.balanced_diet.description"},
    "frame":"challenge",
    "show_toast":true,
    "announce_to_chat":true,"hidden":false
  },
  "rewards":{"experience":100},
  "criteria":{
    "apple":{"trigger":"minecraft:consume_item","conditions":{"item":{"items":["minecraft:apple"]}}},
    "mushroom_stew":{"trigger":"minecraft:consume_item","conditions":{"item":{"items":["minecraft:mushroom_stew"]}}},
    "bread":{"trigger":"minecraft:consume_item","conditions":{"item":{"items":["minecraft:bread"]}}},
    "porkchop":{"trigger":"minecraft:consume_item","conditions":{"item":{"items":["minecraft:porkchop"]}}},
    "cooked_porkchop":{"trigger":"minecraft:consume_item","conditions":{"item":{"items":["minecraft:cooked_porkchop"]}}},
    "golden_apple":{"trigger":"minecraft:consume_item","conditions":{"item":{"items":["minecraft:golden_apple"]}}},
    "enchanted_golden_apple":{"trigger":"minecraft:consume_item","conditions":{"item":{"items":["minecraft:enchanted_golden_apple"]}}},
    "cod":{"trigger":"minecraft:consume_item","conditions":{"item":{"items":["minecraft:cod"]}}},
    "salmon":{"trigger":"minecraft:consume_item","conditions":{"item":{"items":["minecraft:salmon"]}}},
    "tropical_fish":{"trigger":"minecraft:consume_item","conditions":{"item":{"items":["minecraft:tropical_fish"]}}},
    "pufferfish":{"trigger":"minecraft:consume_item","conditions":{"item":{"items":["minecraft:pufferfish"]}}},
    "cooked_cod":{"trigger":"minecraft:consume_item","conditions":{"item":{"items":["minecraft:cooked_cod"]}}},
    "cooked_salmon":{"trigger":"minecraft:consume_item","conditions":{"item":{"items":["minecraft:cooked_salmon"]}}},
    "cookie":{"trigger":"minecraft:consume_item","conditions":{"item":{"items":["minecraft:cookie"]}}},
    "melon_slice":{"trigger":"minecraft:consume_item","conditions":{"item":{"items":["minecraft:melon_slice"]}}},
    "beef":{"trigger":"minecraft:consume_item","conditions":{"item":{"items":["minecraft:beef"]}}},
    "cooked_beef":{"trigger":"minecraft:consume_item","conditions":{"item":{"items":["minecraft:cooked_beef"]}}},
    "chicken":{"trigger":"minecraft:consume_item","conditions":{"item":{"items":["minecraft:chicken"]}}},
    "cooked_chicken":{"trigger":"minecraft:consume_item","conditions":{"item":{"items":["minecraft:cooked_chicken"]}}},
    "rotten_flesh":{"trigger":"minecraft:consume_item","conditions":{"item":{"items":["minecraft:rotten_flesh"]}}},
    "spider_eye":{"trigger":"minecraft:consume_item","conditions":{"item":{"items":["minecraft:spider_eye"]}}},
    "carrot":{"trigger":"minecraft:consume_item","conditions":{"item":{"items":["minecraft:carrot"]}}},
    "potato":{"trigger":"minecraft:consume_item","conditions":{"item":{"items":["minecraft:potato"]}}},
    "baked_potato":{"trigger":"minecraft:consume_item","conditions":{"item":{"items":["minecraft:baked_potato"]}}},
    "poisonous_potato":{"trigger":"minecraft:consume_item","conditions":{"item":{"items":["minecraft:poisonous_potato"]}}},
    "golden_carrot":{"trigger":"minecraft:consume_item","conditions":{"item":{"items":["minecraft:golden_carrot"]}}},
    "pumpkin_pie":{"trigger":"minecraft:consume_item","conditions":{"item":{"items":["minecraft:pumpkin_pie"]}}},
    "rabbit":{"trigger":"minecraft:consume_item","conditions":{"item":{"items":["minecraft:rabbit"]}}},
    "cooked_rabbit":{"trigger":"minecraft:consume_item","conditions":{"item":{"items":["minecraft:cooked_rabbit"]}}},
    "rabbit_stew":{"trigger":"minecraft:consume_item","conditions":{"item":{"items":["minecraft:rabbit_stew"]}}},
    "mutton":{"trigger":"minecraft:consume_item","conditions":{"item":{"items":["minecraft:mutton"]}}},
    "cooked_mutton":{"trigger":"minecraft:consume_item","conditions":{"item":{"items":["minecraft:cooked_mutton"]}}},
    "chorus_fruit":{"trigger":"minecraft:consume_item","conditions":{"item":{"items":["minecraft:chorus_fruit"]}}},
    "beetroot":{"trigger":"minecraft:consume_item","conditions":{"item":{"items":["minecraft:beetroot"]}}},
    "beetroot_soup":{"trigger":"minecraft:consume_item","conditions":{"item":{"items":["minecraft:beetroot_soup"]}}},
    "dried_kelp":{"trigger":"minecraft:consume_item","conditions":{"item":{"items":["minecraft:dried_kelp"]}}},
    "suspicious_stew":{"trigger":"minecraft:consume_item","conditions":{"item":{"items":["minecraft:suspicious_stew"]}}},
    "sweet_berries":{"trigger":"minecraft:consume_item","conditions":{"item":{"items":["minecraft:sweet_berries"]}}},
    "honey_bottle":{"trigger":"minecraft:consume_item","conditions":{"item":{"items":["minecraft:honey_bottle"]}}},
    "glow_berries":{"trigger":"minecraft:consume_item","conditions":{"item":{"items":["minecraft:glow_berries"]}}}
  },
  "requirements":[["apple"],["mushroom_stew"],["bread"],["porkchop"],["cooked_porkchop"],["golden_apple"],["enchanted_golden_apple"],["cod"],["salmon"],
    ["tropical_fish"],["pufferfish"],["cooked_cod"],["cooked_salmon"],["cookie"],["melon_slice"],["beef"],["cooked_beef"],["chicken"],["cooked_chicken"],["rotten_flesh"],
    ["spider_eye"],["carrot"],["potato"],["baked_potato"],["poisonous_potato"],["golden_carrot"],["pumpkin_pie"],["rabbit"],["cooked_rabbit"],["rabbit_stew"],["mutton"],
    ["cooked_mutton"],["chorus_fruit"],["beetroot"],["beetroot_soup"],["dried_kelp"],["suspicious_stew"],["sweet_berries"],["honey_bottle"],["glow_berries"]]
}