{
  "parent": "obe:story/wandering_trader",
  "display": {
    "icon": {"item": "minecraft:oak_boat"},
    "title": {"translate": "advancements.husbandry.ride_a_boat_with_a_goat.title"},
    "description": {"translate": "advancements.husbandry.ride_a_boat_with_a_goat.description"},
    "frame": "task",
    "show_toast": true,
    "announce_to_chat": true,
    "hidden": false
  },
  "criteria": {
    "ride_a_boat_with_a_goat": {
      "trigger": "minecraft:started_riding",
      "conditions": {"player": [{
        "condition": "minecraft:entity_properties",
        "predicate": {"vehicle": {
          "type": "minecraft:boat",
          "passenger": {"type": "minecraft:goat"}}},
        "entity": "this"}]}}
  },
  "requirements": [["ride_a_boat_with_a_goat"]]
}