{
  "parent": "minecraft:recipes/root",
  "criteria": {
    "has_smooth_stone": {
      "trigger": "minecraft:inventory_changed",
      "conditions": {"items": [{"items": ["minecraft:smooth_stone"]}]}
    },
    "has_iron_ingot": {
      "trigger": "minecraft:inventory_changed",
      "conditions": {"items": [{"items": ["minecraft:iron_ingot"]}]}
    },
    "has_the_recipe": {
      "trigger": "minecraft:recipe_unlocked",
      "conditions": {"recipe": "minecraft:blast_furnace"}}
  },
  "requirements": [["has_smooth_stone","has_iron_ingot","has_the_recipe"]],
  "rewards": {"recipes": ["minecraft:blast_furnace"]}
}
